Amazon,Duke University,Microsoft,Ring
Apple,Gartner,Nationwide,SAP
Bankrate,GitHub,NetApp,Sensu
BBC,GitLab,Nokia,Signal Sciences
Broadcom,Google,Nordstrom,Sonatype
Capital One,Gremlin,Northwestern Mutual,Symantec
Chef,Harris,Oracle,Tenable
Cisco,HPE,Packet,ThoughtWorks
Cloudability,IBM,PagerDuty,Ubisoft
CloudBees,InfluxData,Pivotal,Verizon
Contino,Intel,Progressive,VMware
Credit Suisse,JFrog,Puppet,Weaveworks
Datadog,Linode,ReactiveOps,World Wide Technology
Digital Ocean,LogDNA,Red Hat,WSO2